{
  "target_label": "7",
  "n_train": 100,
  "n_test": 30,
  "train_accuracy": 0.68,
  "accuracy": 0.6,
  "precision": 0.5789473684210527,
  "recall": 0.7333333333333333,
  "f1": 0.6470588235294118,
  "roc_auc": 0.5777777777777777
}