{
  "hybrid_quantum_classifier_wbcd": {
    "accuracy": 0.43333333333333335,
    "precision": 0.4444444444444444,
    "recall": 0.5333333333333333,
    "f1_score": 0.48484848484848486,
    "roc_auc": 0.47111111111111115
  },
  "config": {
    "dataset": "Wisconsin Breast Cancer Diagnostic",
    "n_qubits": 4,
    "feature_map_reps": 2,
    "ansatz_reps": 2,
    "max_iter": 150
  },
  "training": {
    "train_accuracy": 0.64,
    "test_accuracy": 0.43333333333333335,
    "final_loss": 0.908428029770689
  }
}